{"cameraMode":{"drawMode":0,"name":"Shaded","section":"Shading Mode"},"sceneLighting":false,"audioPlay":false,"sceneViewState":{"showFog":true,"showMaterialUpdate":false,"showSkybox":true,"showFlares":true,"showImageEffects":true,"showParticleSystems":true},"in2DMode":false,"pivot":{"x":-3.6148576736450197,"y":2.817655086517334,"z":9.53900146484375},"rotation":{"x":0.026814032346010209,"y":-0.3652796745300293,"z":0.010527374222874642,"w":0.9304520487785339},"size":23.334524154663087,"orthographic":false}